2025, 02, 10,  0, AmnatCharoen,   AmnatCharoen, 0.09, 0.56, 475.80, 18.90, 80.00, 5.54, 30.35, 475.80
2025, 02, 10,  0, BuengKan,   BuengKan, 0.08, 0.64, 672.80, 15.80, 81.00, 12.07, 26.62, 672.80
2025, 02, 10,  0, BuriRam,   BuriRam, 0.09, 0.62, 435.60, 18.90, 80.00, 5.54, 25.60, 435.60
2025, 02, 10,  0, Chaiyaphum,   Chaiyaphum, 0.11, 0.43, 496.10, 19.10, 78.00, 7.21, 39.31, 496.10
2025, 02, 10,  0, Kalasin,   Kalasin, 0.07, 0.53, 471.70, 15.80, 81.00, 12.07, 36.10, 471.70
2025, 02, 10,  0, KhonKaen,   KhonKaen, 0.12, 0.50, 472.70, 15.80, 81.00, 12.07, 39.76, 472.70
2025, 02, 10,  0, Loei,   Loei, 0.10, 0.57, 626.50, 16.40, 73.00, 14.45, 32.93, 626.50
2025, 02, 10,  0, MahaSarakham,   MahaSarakham, 0.10, 0.47, 461.80, 18.90, 80.00, 5.54, 36.91, 461.80
2025, 02, 10,  0, Mukdahan,   Mukdahan, 0.07, 0.59, 549.30, 15.80, 81.00, 12.07, 30.73, 549.30
2025, 02, 10,  0, NakhonPhanom,   NakhonPhanom, 0.08, 0.45, 602.60, 15.80, 81.00, 12.07, 40.97, 602.60
2025, 02, 10,  0, NakhonRatchasima,   NakhonRatchasima, 0.12, 0.47, 625.90, 19.10, 78.00, 7.21, 35.94, 625.90
2025, 02, 10,  0, NongBuaLamphun,   NongBuaLamphun, 0.13, 0.60, 654.20, 16.40, 73.00, 14.45, 31.56, 654.20
2025, 02, 10,  0, NongKhai,   NongKhai, 0.13, 0.55, 654.20, 15.80, 81.00, 12.07, 34.42, 654.20
2025, 02, 10,  0, RoiEt,   RoiEt, 0.11, 0.31, 472.70, 15.80, 81.00, 12.07, 53.10, 472.70
2025, 02, 10,  0, SakonNakhon,   SakonNakhon, 0.08, 0.58, 547.70, 15.80, 81.00, 12.07, 31.68, 547.70
2025, 02, 10,  0, SiSaKet,   SiSaKet, 0.09, 0.50, 460.60, 18.90, 80.00, 5.54, 34.36, 460.60
2025, 02, 10,  0, Surin,   Surin, 0.09, 0.52, 435.60, 18.90, 80.00, 5.54, 33.41, 435.60
2025, 02, 10,  0, UbonRatchathani,   UbonRatchathani, 0.09, 0.81, 555.90, 18.90, 80.00, 5.54, 11.52, 555.90
2025, 02, 10,  0, UdonThani,   UdonThani, 0.13, 0.49, 654.20, 15.80, 81.00, 12.07, 39.17, 654.20
2025, 02, 10,  0, Yasothon,   Yasothon, 0.09, 0.61, 475.80, 18.90, 80.00, 5.54, 26.14, 475.80
2025, 02, 10,  1, AmnatCharoen,   AmnatCharoen, 0.09, 0.56, 475.80, 20.97, 71.95, 5.48, 28.33, 475.80
2025, 02, 10,  1, BuengKan,   BuengKan, 0.08, 0.64, 672.80, 17.74, 73.69, 12.24, 24.59, 672.80
2025, 02, 10,  1, BuriRam,   BuriRam, 0.09, 0.62, 435.60, 20.97, 71.95, 5.48, 23.58, 435.60
2025, 02, 10,  1, Chaiyaphum,   Chaiyaphum, 0.11, 0.43, 496.10, 21.26, 69.85, 7.37, 37.05, 496.10
2025, 02, 10,  1, Kalasin,   Kalasin, 0.07, 0.53, 471.70, 17.74, 73.69, 12.24, 34.07, 471.70
2025, 02, 10,  1, KhonKaen,   KhonKaen, 0.12, 0.50, 472.70, 17.74, 73.69, 12.24, 37.73, 472.70
2025, 02, 10,  1, Loei,   Loei, 0.10, 0.57, 626.50, 18.18, 67.22, 14.81, 30.75, 626.50
2025, 02, 10,  1, MahaSarakham,   MahaSarakham, 0.10, 0.47, 461.80, 20.97, 71.95, 5.48, 34.89, 461.80
2025, 02, 10,  1, Mukdahan,   Mukdahan, 0.07, 0.59, 549.30, 17.74, 73.69, 12.24, 28.70, 549.30
2025, 02, 10,  1, NakhonPhanom,   NakhonPhanom, 0.08, 0.45, 602.60, 17.74, 73.69, 12.24, 38.94, 602.60
2025, 02, 10,  1, NakhonRatchasima,   NakhonRatchasima, 0.12, 0.47, 625.90, 21.26, 69.85, 7.37, 33.68, 625.90
2025, 02, 10,  1, NongBuaLamphun,   NongBuaLamphun, 0.13, 0.60, 654.20, 18.18, 67.22, 14.81, 29.38, 654.20
2025, 02, 10,  1, NongKhai,   NongKhai, 0.13, 0.55, 654.20, 17.74, 73.69, 12.24, 32.40, 654.20
2025, 02, 10,  1, RoiEt,   RoiEt, 0.11, 0.31, 472.70, 17.74, 73.69, 12.24, 51.07, 472.70
2025, 02, 10,  1, SakonNakhon,   SakonNakhon, 0.08, 0.58, 547.70, 17.74, 73.69, 12.24, 29.65, 547.70
2025, 02, 10,  1, SiSaKet,   SiSaKet, 0.09, 0.50, 460.60, 20.97, 71.95, 5.48, 32.34, 460.60
2025, 02, 10,  1, Surin,   Surin, 0.09, 0.52, 435.60, 20.97, 71.95, 5.48, 31.39, 435.60
2025, 02, 10,  1, UbonRatchathani,   UbonRatchathani, 0.09, 0.81, 555.90, 20.97, 71.95, 5.48, 9.50, 555.90
2025, 02, 10,  1, UdonThani,   UdonThani, 0.13, 0.49, 654.20, 17.74, 73.69, 12.24, 37.14, 654.20
2025, 02, 10,  1, Yasothon,   Yasothon, 0.09, 0.61, 475.80, 20.97, 71.95, 5.48, 24.12, 475.80
2025, 02, 10,  2, AmnatCharoen,   AmnatCharoen, 0.09, 0.56, 475.80, 22.70, 65.07, 5.41, 26.67, 475.80
2025, 02, 10,  2, BuengKan,   BuengKan, 0.08, 0.64, 672.80, 19.40, 67.22, 12.41, 22.89, 672.80
2025, 02, 10,  2, BuriRam,   BuriRam, 0.09, 0.62, 435.60, 22.70, 65.07, 5.41, 21.92, 435.60
2025, 02, 10,  2, Chaiyaphum,   Chaiyaphum, 0.11, 0.43, 496.10, 23.07, 62.88, 7.52, 35.22, 496.10
2025, 02, 10,  2, Kalasin,   Kalasin, 0.07, 0.53, 471.70, 19.40, 67.22, 12.41, 32.38, 471.70
2025, 02, 10,  2, KhonKaen,   KhonKaen, 0.12, 0.50, 472.70, 19.40, 67.22, 12.41, 36.03, 472.70
2025, 02, 10,  2, Loei,   Loei, 0.10, 0.57, 626.50, 19.76, 61.93, 15.16, 28.85, 626.50
2025, 02, 10,  2, MahaSarakham,   MahaSarakham, 0.10, 0.47, 461.80, 22.70, 65.07, 5.41, 33.23, 461.80
2025, 02, 10,  2, Mukdahan,   Mukdahan, 0.07, 0.59, 549.30, 19.40, 67.22, 12.41, 27.00, 549.30
2025, 02, 10,  2, NakhonPhanom,   NakhonPhanom, 0.08, 0.45, 602.60, 19.40, 67.22, 12.41, 37.24, 602.60
2025, 02, 10,  2, NakhonRatchasima,   NakhonRatchasima, 0.12, 0.47, 625.90, 23.07, 62.88, 7.52, 31.85, 625.90
2025, 02, 10,  2, NongBuaLamphun,   NongBuaLamphun, 0.13, 0.60, 654.20, 19.76, 61.93, 15.16, 27.47, 654.20
2025, 02, 10,  2, NongKhai,   NongKhai, 0.13, 0.55, 654.20, 19.40, 67.22, 12.41, 30.70, 654.20
2025, 02, 10,  2, RoiEt,   RoiEt, 0.11, 0.31, 472.70, 19.40, 67.22, 12.41, 49.38, 472.70
2025, 02, 10,  2, SakonNakhon,   SakonNakhon, 0.08, 0.58, 547.70, 19.40, 67.22, 12.41, 27.96, 547.70
2025, 02, 10,  2, SiSaKet,   SiSaKet, 0.09, 0.50, 460.60, 22.70, 65.07, 5.41, 30.68, 460.60
2025, 02, 10,  2, Surin,   Surin, 0.09, 0.52, 435.60, 22.70, 65.07, 5.41, 29.73, 435.60
2025, 02, 10,  2, UbonRatchathani,   UbonRatchathani, 0.09, 0.81, 555.90, 22.70, 65.07, 5.41, 7.84, 555.90
2025, 02, 10,  2, UdonThani,   UdonThani, 0.13, 0.49, 654.20, 19.40, 67.22, 12.41, 35.45, 654.20
2025, 02, 10,  2, Yasothon,   Yasothon, 0.09, 0.61, 475.80, 22.70, 65.07, 5.41, 22.46, 475.80
2025, 02, 10,  3, AmnatCharoen,   AmnatCharoen, 0.09, 0.56, 475.80, 24.12, 59.31, 5.34, 25.34, 475.80
2025, 02, 10,  3, BuengKan,   BuengKan, 0.08, 0.64, 672.80, 20.81, 61.55, 12.58, 21.50, 672.80
2025, 02, 10,  3, BuriRam,   BuriRam, 0.09, 0.62, 435.60, 24.12, 59.31, 5.34, 20.60, 435.60
2025, 02, 10,  3, Chaiyaphum,   Chaiyaphum, 0.11, 0.43, 496.10, 24.53, 57.02, 7.67, 33.76, 496.10
2025, 02, 10,  3, Kalasin,   Kalasin, 0.07, 0.53, 471.70, 20.81, 61.55, 12.58, 30.98, 471.70
2025, 02, 10,  3, KhonKaen,   KhonKaen, 0.12, 0.50, 472.70, 20.81, 61.55, 12.58, 34.64, 472.70
2025, 02, 10,  3, Loei,   Loei, 0.10, 0.57, 626.50, 21.16, 57.13, 15.52, 27.19, 626.50
2025, 02, 10,  3, MahaSarakham,   MahaSarakham, 0.10, 0.47, 461.80, 24.12, 59.31, 5.34, 31.91, 461.80
2025, 02, 10,  3, Mukdahan,   Mukdahan, 0.07, 0.59, 549.30, 20.81, 61.55, 12.58, 25.61, 549.30
2025, 02, 10,  3, NakhonPhanom,   NakhonPhanom, 0.08, 0.45, 602.60, 20.81, 61.55, 12.58, 35.85, 602.60
2025, 02, 10,  3, NakhonRatchasima,   NakhonRatchasima, 0.12, 0.47, 625.90, 24.53, 57.02, 7.67, 30.39, 625.90
2025, 02, 10,  3, NongBuaLamphun,   NongBuaLamphun, 0.13, 0.60, 654.20, 21.16, 57.13, 15.52, 25.82, 654.20
2025, 02, 10,  3, NongKhai,   NongKhai, 0.13, 0.55, 654.20, 20.81, 61.55, 12.58, 29.31, 654.20
2025, 02, 10,  3, RoiEt,   RoiEt, 0.11, 0.31, 472.70, 20.81, 61.55, 12.58, 47.98, 472.70
2025, 02, 10,  3, SakonNakhon,   SakonNakhon, 0.08, 0.58, 547.70, 20.81, 61.55, 12.58, 26.56, 547.70
2025, 02, 10,  3, SiSaKet,   SiSaKet, 0.09, 0.50, 460.60, 24.12, 59.31, 5.34, 29.35, 460.60
2025, 02, 10,  3, Surin,   Surin, 0.09, 0.52, 435.60, 24.12, 59.31, 5.34, 28.40, 435.60
2025, 02, 10,  3, UbonRatchathani,   UbonRatchathani, 0.09, 0.81, 555.90, 24.12, 59.31, 5.34, 6.52, 555.90
2025, 02, 10,  3, UdonThani,   UdonThani, 0.13, 0.49, 654.20, 20.81, 61.55, 12.58, 34.05, 654.20
2025, 02, 10,  3, Yasothon,   Yasothon, 0.09, 0.61, 475.80, 24.12, 59.31, 5.34, 21.14, 475.80
2025, 02, 10,  4, AmnatCharoen,   AmnatCharoen, 0.09, 0.56, 475.80, 25.26, 54.59, 5.27, 24.33, 475.80
2025, 02, 10,  4, BuengKan,   BuengKan, 0.08, 0.64, 672.80, 21.98, 56.67, 12.75, 20.40, 672.80
2025, 02, 10,  4, BuriRam,   BuriRam, 0.09, 0.62, 435.60, 25.26, 54.59, 5.27, 19.59, 435.60
2025, 02, 10,  4, Chaiyaphum,   Chaiyaphum, 0.11, 0.43, 496.10, 25.69, 52.20, 7.82, 32.67, 496.10
2025, 02, 10,  4, Kalasin,   Kalasin, 0.07, 0.53, 471.70, 21.98, 56.67, 12.75, 29.88, 471.70
2025, 02, 10,  4, KhonKaen,   KhonKaen, 0.12, 0.50, 472.70, 21.98, 56.67, 12.75, 33.54, 472.70
2025, 02, 10,  4, Loei,   Loei, 0.10, 0.57, 626.50, 22.38, 52.80, 15.87, 25.77, 626.50
2025, 02, 10,  4, MahaSarakham,   MahaSarakham, 0.10, 0.47, 461.80, 25.26, 54.59, 5.27, 30.89, 461.80
2025, 02, 10,  4, Mukdahan,   Mukdahan, 0.07, 0.59, 549.30, 21.98, 56.67, 12.75, 24.51, 549.30
2025, 02, 10,  4, NakhonPhanom,   NakhonPhanom, 0.08, 0.45, 602.60, 21.98, 56.67, 12.75, 34.75, 602.60
2025, 02, 10,  4, NakhonRatchasima,   NakhonRatchasima, 0.12, 0.47, 625.90, 25.69, 52.20, 7.82, 29.30, 625.90
2025, 02, 10,  4, NongBuaLamphun,   NongBuaLamphun, 0.13, 0.60, 654.20, 22.38, 52.80, 15.87, 24.40, 654.20
2025, 02, 10,  4, NongKhai,   NongKhai, 0.13, 0.55, 654.20, 21.98, 56.67, 12.75, 28.20, 654.20
2025, 02, 10,  4, RoiEt,   RoiEt, 0.11, 0.31, 472.70, 21.98, 56.67, 12.75, 46.88, 472.70
2025, 02, 10,  4, SakonNakhon,   SakonNakhon, 0.08, 0.58, 547.70, 21.98, 56.67, 12.75, 25.46, 547.70
2025, 02, 10,  4, SiSaKet,   SiSaKet, 0.09, 0.50, 460.60, 25.26, 54.59, 5.27, 28.34, 460.60
2025, 02, 10,  4, Surin,   Surin, 0.09, 0.52, 435.60, 25.26, 54.59, 5.27, 27.39, 435.60
2025, 02, 10,  4, UbonRatchathani,   UbonRatchathani, 0.09, 0.81, 555.90, 25.26, 54.59, 5.27, 5.50, 555.90
2025, 02, 10,  4, UdonThani,   UdonThani, 0.13, 0.49, 654.20, 21.98, 56.67, 12.75, 32.95, 654.20
2025, 02, 10,  4, Yasothon,   Yasothon, 0.09, 0.61, 475.80, 25.26, 54.59, 5.27, 20.12, 475.80
2025, 02, 10,  5, AmnatCharoen,   AmnatCharoen, 0.09, 0.56, 475.80, 26.12, 50.83, 5.20, 23.60, 475.80
2025, 02, 10,  5, BuengKan,   BuengKan, 0.08, 0.64, 672.80, 22.91, 52.55, 12.92, 19.56, 672.80
2025, 02, 10,  5, BuriRam,   BuriRam, 0.09, 0.62, 435.60, 26.12, 50.83, 5.20, 18.85, 435.60
2025, 02, 10,  5, Chaiyaphum,   Chaiyaphum, 0.11, 0.43, 496.10, 26.56, 48.32, 7.98, 31.89, 496.10
2025, 02, 10,  5, Kalasin,   Kalasin, 0.07, 0.53, 471.70, 22.91, 52.55, 12.92, 29.04, 471.70
2025, 02, 10,  5, KhonKaen,   KhonKaen, 0.12, 0.50, 472.70, 22.91, 52.55, 12.92, 32.69, 472.70
2025, 02, 10,  5, Loei,   Loei, 0.10, 0.57, 626.50, 23.42, 48.96, 16.22, 24.57, 626.50
2025, 02, 10,  5, MahaSarakham,   MahaSarakham, 0.10, 0.47, 461.80, 26.12, 50.83, 5.20, 30.16, 461.80
2025, 02, 10,  5, Mukdahan,   Mukdahan, 0.07, 0.59, 549.30, 22.91, 52.55, 12.92, 23.66, 549.30
2025, 02, 10,  5, NakhonPhanom,   NakhonPhanom, 0.08, 0.45, 602.60, 22.91, 52.55, 12.92, 33.90, 602.60
2025, 02, 10,  5, NakhonRatchasima,   NakhonRatchasima, 0.12, 0.47, 625.90, 26.56, 48.32, 7.98, 28.52, 625.90
2025, 02, 10,  5, NongBuaLamphun,   NongBuaLamphun, 0.13, 0.60, 654.20, 23.42, 48.96, 16.22, 23.20, 654.20
2025, 02, 10,  5, NongKhai,   NongKhai, 0.13, 0.55, 654.20, 22.91, 52.55, 12.92, 27.36, 654.20
2025, 02, 10,  5, RoiEt,   RoiEt, 0.11, 0.31, 472.70, 22.91, 52.55, 12.92, 46.04, 472.70
2025, 02, 10,  5, SakonNakhon,   SakonNakhon, 0.08, 0.58, 547.70, 22.91, 52.55, 12.92, 24.62, 547.70
2025, 02, 10,  5, SiSaKet,   SiSaKet, 0.09, 0.50, 460.60, 26.12, 50.83, 5.20, 27.61, 460.60
2025, 02, 10,  5, Surin,   Surin, 0.09, 0.52, 435.60, 26.12, 50.83, 5.20, 26.66, 435.60
2025, 02, 10,  5, UbonRatchathani,   UbonRatchathani, 0.09, 0.81, 555.90, 26.12, 50.83, 5.20, 4.77, 555.90
2025, 02, 10,  5, UdonThani,   UdonThani, 0.13, 0.49, 654.20, 22.91, 52.55, 12.92, 32.11, 654.20
2025, 02, 10,  5, Yasothon,   Yasothon, 0.09, 0.61, 475.80, 26.12, 50.83, 5.20, 19.39, 475.80
2025, 02, 10,  6, AmnatCharoen,   AmnatCharoen, 0.09, 0.56, 475.80, 26.74, 47.98, 5.14, 23.12, 475.80
2025, 02, 10,  6, BuengKan,   BuengKan, 0.08, 0.64, 672.80, 23.63, 49.16, 13.10, 18.96, 672.80
2025, 02, 10,  6, BuriRam,   BuriRam, 0.09, 0.62, 435.60, 26.74, 47.98, 5.14, 18.38, 435.60
2025, 02, 10,  6, Chaiyaphum,   Chaiyaphum, 0.11, 0.43, 496.10, 27.18, 45.32, 8.13, 31.41, 496.10
2025, 02, 10,  6, Kalasin,   Kalasin, 0.07, 0.53, 471.70, 23.63, 49.16, 13.10, 28.44, 471.70
2025, 02, 10,  6, KhonKaen,   KhonKaen, 0.12, 0.50, 472.70, 23.63, 49.16, 13.10, 32.10, 472.70
2025, 02, 10,  6, Loei,   Loei, 0.10, 0.57, 626.50, 24.29, 45.60, 16.58, 23.60, 626.50
2025, 02, 10,  6, MahaSarakham,   MahaSarakham, 0.10, 0.47, 461.80, 26.74, 47.98, 5.14, 29.68, 461.80
2025, 02, 10,  6, Mukdahan,   Mukdahan, 0.07, 0.59, 549.30, 23.63, 49.16, 13.10, 23.07, 549.30
2025, 02, 10,  6, NakhonPhanom,   NakhonPhanom, 0.08, 0.45, 602.60, 23.63, 49.16, 13.10, 33.31, 602.60
2025, 02, 10,  6, NakhonRatchasima,   NakhonRatchasima, 0.12, 0.47, 625.90, 27.18, 45.32, 8.13, 28.04, 625.90
2025, 02, 10,  6, NongBuaLamphun,   NongBuaLamphun, 0.13, 0.60, 654.20, 24.29, 45.60, 16.58, 22.23, 654.20
2025, 02, 10,  6, NongKhai,   NongKhai, 0.13, 0.55, 654.20, 23.63, 49.16, 13.10, 26.76, 654.20
2025, 02, 10,  6, RoiEt,   RoiEt, 0.11, 0.31, 472.70, 23.63, 49.16, 13.10, 45.44, 472.70
2025, 02, 10,  6, SakonNakhon,   SakonNakhon, 0.08, 0.58, 547.70, 23.63, 49.16, 13.10, 24.02, 547.70
2025, 02, 10,  6, SiSaKet,   SiSaKet, 0.09, 0.50, 460.60, 26.74, 47.98, 5.14, 27.13, 460.60
2025, 02, 10,  6, Surin,   Surin, 0.09, 0.52, 435.60, 26.74, 47.98, 5.14, 26.18, 435.60
2025, 02, 10,  6, UbonRatchathani,   UbonRatchathani, 0.09, 0.81, 555.90, 26.74, 47.98, 5.14, 4.30, 555.90
2025, 02, 10,  6, UdonThani,   UdonThani, 0.13, 0.49, 654.20, 23.63, 49.16, 13.10, 31.51, 654.20
2025, 02, 10,  6, Yasothon,   Yasothon, 0.09, 0.61, 475.80, 26.74, 47.98, 5.14, 18.92, 475.80
2025, 02, 10,  7, AmnatCharoen,   AmnatCharoen, 0.09, 0.56, 475.80, 27.14, 45.95, 5.07, 22.88, 475.80
2025, 02, 10,  7, BuengKan,   BuengKan, 0.08, 0.64, 672.80, 24.15, 46.46, 13.27, 18.58, 672.80
2025, 02, 10,  7, BuriRam,   BuriRam, 0.09, 0.62, 435.60, 27.14, 45.95, 5.07, 18.14, 435.60
2025, 02, 10,  7, Chaiyaphum,   Chaiyaphum, 0.11, 0.43, 496.10, 27.56, 43.11, 8.28, 31.19, 496.10
2025, 02, 10,  7, Kalasin,   Kalasin, 0.07, 0.53, 471.70, 24.15, 46.46, 13.27, 28.06, 471.70
2025, 02, 10,  7, KhonKaen,   KhonKaen, 0.12, 0.50, 472.70, 24.15, 46.46, 13.27, 31.72, 472.70
2025, 02, 10,  7, Loei,   Loei, 0.10, 0.57, 626.50, 25.00, 42.72, 16.93, 22.83, 626.50
2025, 02, 10,  7, MahaSarakham,   MahaSarakham, 0.10, 0.47, 461.80, 27.14, 45.95, 5.07, 29.44, 461.80
2025, 02, 10,  7, Mukdahan,   Mukdahan, 0.07, 0.59, 549.30, 24.15, 46.46, 13.27, 22.69, 549.30
2025, 02, 10,  7, NakhonPhanom,   NakhonPhanom, 0.08, 0.45, 602.60, 24.15, 46.46, 13.27, 32.93, 602.60
2025, 02, 10,  7, NakhonRatchasima,   NakhonRatchasima, 0.12, 0.47, 625.90, 27.56, 43.11, 8.28, 27.82, 625.90
2025, 02, 10,  7, NongBuaLamphun,   NongBuaLamphun, 0.13, 0.60, 654.20, 25.00, 42.72, 16.93, 21.46, 654.20
2025, 02, 10,  7, NongKhai,   NongKhai, 0.13, 0.55, 654.20, 24.15, 46.46, 13.27, 26.38, 654.20
2025, 02, 10,  7, RoiEt,   RoiEt, 0.11, 0.31, 472.70, 24.15, 46.46, 13.27, 45.06, 472.70
2025, 02, 10,  7, SakonNakhon,   SakonNakhon, 0.08, 0.58, 547.70, 24.15, 46.46, 13.27, 23.64, 547.70
2025, 02, 10,  7, SiSaKet,   SiSaKet, 0.09, 0.50, 460.60, 27.14, 45.95, 5.07, 26.89, 460.60
2025, 02, 10,  7, Surin,   Surin, 0.09, 0.52, 435.60, 27.14, 45.95, 5.07, 25.94, 435.60
2025, 02, 10,  7, UbonRatchathani,   UbonRatchathani, 0.09, 0.81, 555.90, 27.14, 45.95, 5.07, 4.05, 555.90
2025, 02, 10,  7, UdonThani,   UdonThani, 0.13, 0.49, 654.20, 24.15, 46.46, 13.27, 31.13, 654.20
2025, 02, 10,  7, Yasothon,   Yasothon, 0.09, 0.61, 475.80, 27.14, 45.95, 5.07, 18.68, 475.80
2025, 02, 10,  8, AmnatCharoen,   AmnatCharoen, 0.09, 0.56, 475.80, 27.34, 44.69, 5.01, 22.84, 475.80
2025, 02, 10,  8, BuengKan,   BuengKan, 0.08, 0.64, 672.80, 24.48, 44.45, 13.40, 18.42, 672.80
2025, 02, 10,  8, BuriRam,   BuriRam, 0.09, 0.62, 435.60, 27.34, 44.69, 5.01, 18.10, 435.60
2025, 02, 10,  8, Chaiyaphum,   Chaiyaphum, 0.11, 0.43, 496.10, 27.73, 41.61, 8.34, 31.23, 496.10
2025, 02, 10,  8, Kalasin,   Kalasin, 0.07, 0.53, 471.70, 24.48, 44.45, 13.40, 27.90, 471.70
2025, 02, 10,  8, KhonKaen,   KhonKaen, 0.12, 0.50, 472.70, 24.48, 44.45, 13.40, 31.56, 472.70
2025, 02, 10,  8, Loei,   Loei, 0.10, 0.57, 626.50, 25.55, 40.31, 17.17, 22.29, 626.50
2025, 02, 10,  8, MahaSarakham,   MahaSarakham, 0.10, 0.47, 461.80, 27.34, 44.69, 5.01, 29.40, 461.80
2025, 02, 10,  8, Mukdahan,   Mukdahan, 0.07, 0.59, 549.30, 24.48, 44.45, 13.40, 22.53, 549.30
2025, 02, 10,  8, NakhonPhanom,   NakhonPhanom, 0.08, 0.45, 602.60, 24.48, 44.45, 13.40, 32.77, 602.60
2025, 02, 10,  8, NakhonRatchasima,   NakhonRatchasima, 0.12, 0.47, 625.90, 27.73, 41.61, 8.34, 27.86, 625.90
2025, 02, 10,  8, NongBuaLamphun,   NongBuaLamphun, 0.13, 0.60, 654.20, 25.55, 40.31, 17.17, 20.92, 654.20
2025, 02, 10,  8, NongKhai,   NongKhai, 0.13, 0.55, 654.20, 24.48, 44.45, 13.40, 26.22, 654.20
2025, 02, 10,  8, RoiEt,   RoiEt, 0.11, 0.31, 472.70, 24.48, 44.45, 13.40, 44.90, 472.70
2025, 02, 10,  8, SakonNakhon,   SakonNakhon, 0.08, 0.58, 547.70, 24.48, 44.45, 13.40, 23.48, 547.70
2025, 02, 10,  8, SiSaKet,   SiSaKet, 0.09, 0.50, 460.60, 27.34, 44.69, 5.01, 26.85, 460.60
2025, 02, 10,  8, Surin,   Surin, 0.09, 0.52, 435.60, 27.34, 44.69, 5.01, 25.90, 435.60
2025, 02, 10,  8, UbonRatchathani,   UbonRatchathani, 0.09, 0.81, 555.90, 27.34, 44.69, 5.01, 4.01, 555.90
2025, 02, 10,  8, UdonThani,   UdonThani, 0.13, 0.49, 654.20, 24.48, 44.45, 13.40, 30.97, 654.20
2025, 02, 10,  8, Yasothon,   Yasothon, 0.09, 0.61, 475.80, 27.34, 44.69, 5.01, 18.63, 475.80
2025, 02, 10,  9, AmnatCharoen,   AmnatCharoen, 0.09, 0.56, 475.80, 27.36, 44.11, 4.99, 22.97, 475.80
2025, 02, 10,  9, BuengKan,   BuengKan, 0.08, 0.64, 672.80, 24.64, 43.09, 13.44, 18.46, 672.80
2025, 02, 10,  9, BuriRam,   BuriRam, 0.09, 0.62, 435.60, 27.36, 44.11, 4.99, 18.23, 435.60
2025, 02, 10,  9, Chaiyaphum,   Chaiyaphum, 0.11, 0.43, 496.10, 27.73, 40.75, 8.18, 31.53, 496.10
2025, 02, 10,  9, Kalasin,   Kalasin, 0.07, 0.53, 471.70, 24.64, 43.09, 13.44, 27.95, 471.70
2025, 02, 10,  9, KhonKaen,   KhonKaen, 0.12, 0.50, 472.70, 24.64, 43.09, 13.44, 31.60, 472.70
2025, 02, 10,  9, Loei,   Loei, 0.10, 0.57, 626.50, 25.95, 38.37, 17.13, 22.01, 626.50
2025, 02, 10,  9, MahaSarakham,   MahaSarakham, 0.10, 0.47, 461.80, 27.36, 44.11, 4.99, 29.53, 461.80
2025, 02, 10,  9, Mukdahan,   Mukdahan, 0.07, 0.59, 549.30, 24.64, 43.09, 13.44, 22.57, 549.30
2025, 02, 10,  9, NakhonPhanom,   NakhonPhanom, 0.08, 0.45, 602.60, 24.64, 43.09, 13.44, 32.81, 602.60
2025, 02, 10,  9, NakhonRatchasima,   NakhonRatchasima, 0.12, 0.47, 625.90, 27.73, 40.75, 8.18, 28.16, 625.90
2025, 02, 10,  9, NongBuaLamphun,   NongBuaLamphun, 0.13, 0.60, 654.20, 25.95, 38.37, 17.13, 20.64, 654.20
2025, 02, 10,  9, NongKhai,   NongKhai, 0.13, 0.55, 654.20, 24.64, 43.09, 13.44, 26.27, 654.20
2025, 02, 10,  9, RoiEt,   RoiEt, 0.11, 0.31, 472.70, 24.64, 43.09, 13.44, 44.94, 472.70
2025, 02, 10,  9, SakonNakhon,   SakonNakhon, 0.08, 0.58, 547.70, 24.64, 43.09, 13.44, 23.53, 547.70
2025, 02, 10,  9, SiSaKet,   SiSaKet, 0.09, 0.50, 460.60, 27.36, 44.11, 4.99, 26.98, 460.60
2025, 02, 10,  9, Surin,   Surin, 0.09, 0.52, 435.60, 27.36, 44.11, 4.99, 26.03, 435.60
2025, 02, 10,  9, UbonRatchathani,   UbonRatchathani, 0.09, 0.81, 555.90, 27.36, 44.11, 4.99, 4.14, 555.90
2025, 02, 10,  9, UdonThani,   UdonThani, 0.13, 0.49, 654.20, 24.64, 43.09, 13.44, 31.02, 654.20
2025, 02, 10,  9, Yasothon,   Yasothon, 0.09, 0.61, 475.80, 27.36, 44.11, 4.99, 18.76, 475.80
2025, 02, 10, 10, AmnatCharoen,   AmnatCharoen, 0.09, 0.56, 475.80, 27.22, 44.15, 4.97, 23.25, 475.80
2025, 02, 10, 10, BuengKan,   BuengKan, 0.08, 0.64, 672.80, 24.63, 42.35, 13.49, 18.67, 672.80
2025, 02, 10, 10, BuriRam,   BuriRam, 0.09, 0.62, 435.60, 27.22, 44.15, 4.97, 18.51, 435.60
2025, 02, 10, 10, Chaiyaphum,   Chaiyaphum, 0.11, 0.43, 496.10, 27.56, 40.44, 8.02, 31.99, 496.10
2025, 02, 10, 10, Kalasin,   Kalasin, 0.07, 0.53, 471.70, 24.63, 42.35, 13.49, 28.15, 471.70
2025, 02, 10, 10, KhonKaen,   KhonKaen, 0.12, 0.50, 472.70, 24.63, 42.35, 13.49, 31.81, 472.70
2025, 02, 10, 10, Loei,   Loei, 0.10, 0.57, 626.50, 26.21, 36.91, 17.10, 21.90, 626.50
2025, 02, 10, 10, MahaSarakham,   MahaSarakham, 0.10, 0.47, 461.80, 27.22, 44.15, 4.97, 29.81, 461.80
2025, 02, 10, 10, Mukdahan,   Mukdahan, 0.07, 0.59, 549.30, 24.63, 42.35, 13.49, 22.78, 549.30
2025, 02, 10, 10, NakhonPhanom,   NakhonPhanom, 0.08, 0.45, 602.60, 24.63, 42.35, 13.49, 33.02, 602.60
2025, 02, 10, 10, NakhonRatchasima,   NakhonRatchasima, 0.12, 0.47, 625.90, 27.56, 40.44, 8.02, 28.62, 625.90
2025, 02, 10, 10, NongBuaLamphun,   NongBuaLamphun, 0.13, 0.60, 654.20, 26.21, 36.91, 17.10, 20.53, 654.20
2025, 02, 10, 10, NongKhai,   NongKhai, 0.13, 0.55, 654.20, 24.63, 42.35, 13.49, 26.47, 654.20
2025, 02, 10, 10, RoiEt,   RoiEt, 0.11, 0.31, 472.70, 24.63, 42.35, 13.49, 45.15, 472.70
2025, 02, 10, 10, SakonNakhon,   SakonNakhon, 0.08, 0.58, 547.70, 24.63, 42.35, 13.49, 23.73, 547.70
2025, 02, 10, 10, SiSaKet,   SiSaKet, 0.09, 0.50, 460.60, 27.22, 44.15, 4.97, 27.26, 460.60
2025, 02, 10, 10, Surin,   Surin, 0.09, 0.52, 435.60, 27.22, 44.15, 4.97, 26.31, 435.60
2025, 02, 10, 10, UbonRatchathani,   UbonRatchathani, 0.09, 0.81, 555.90, 27.22, 44.15, 4.97, 4.42, 555.90
2025, 02, 10, 10, UdonThani,   UdonThani, 0.13, 0.49, 654.20, 24.63, 42.35, 13.49, 31.22, 654.20
2025, 02, 10, 10, Yasothon,   Yasothon, 0.09, 0.61, 475.80, 27.22, 44.15, 4.97, 19.05, 475.80
2025, 02, 10, 11, AmnatCharoen,   AmnatCharoen, 0.09, 0.56, 475.80, 26.95, 44.73, 4.95, 23.66, 475.80
2025, 02, 10, 11, BuengKan,   BuengKan, 0.08, 0.64, 672.80, 24.48, 42.21, 13.53, 19.01, 672.80
2025, 02, 10, 11, BuriRam,   BuriRam, 0.09, 0.62, 435.60, 26.95, 44.73, 4.95, 18.92, 435.60
2025, 02, 10, 11, Chaiyaphum,   Chaiyaphum, 0.11, 0.43, 496.10, 27.27, 40.61, 7.86, 32.60, 496.10
2025, 02, 10, 11, Kalasin,   Kalasin, 0.07, 0.53, 471.70, 24.48, 42.21, 13.53, 28.49, 471.70
2025, 02, 10, 11, KhonKaen,   KhonKaen, 0.12, 0.50, 472.70, 24.48, 42.21, 13.53, 32.15, 472.70
2025, 02, 10, 11, Loei,   Loei, 0.10, 0.57, 626.50, 26.32, 35.91, 17.06, 21.95, 626.50
2025, 02, 10, 11, MahaSarakham,   MahaSarakham, 0.10, 0.47, 461.80, 26.95, 44.73, 4.95, 30.22, 461.80
2025, 02, 10, 11, Mukdahan,   Mukdahan, 0.07, 0.59, 549.30, 24.48, 42.21, 13.53, 23.12, 549.30
2025, 02, 10, 11, NakhonPhanom,   NakhonPhanom, 0.08, 0.45, 602.60, 24.48, 42.21, 13.53, 33.36, 602.60
2025, 02, 10, 11, NakhonRatchasima,   NakhonRatchasima, 0.12, 0.47, 625.90, 27.27, 40.61, 7.86, 29.23, 625.90
2025, 02, 10, 11, NongBuaLamphun,   NongBuaLamphun, 0.13, 0.60, 654.20, 26.32, 35.91, 17.06, 20.58, 654.20
2025, 02, 10, 11, NongKhai,   NongKhai, 0.13, 0.55, 654.20, 24.48, 42.21, 13.53, 26.82, 654.20
2025, 02, 10, 11, RoiEt,   RoiEt, 0.11, 0.31, 472.70, 24.48, 42.21, 13.53, 45.49, 472.70
2025, 02, 10, 11, SakonNakhon,   SakonNakhon, 0.08, 0.58, 547.70, 24.48, 42.21, 13.53, 24.07, 547.70
2025, 02, 10, 11, SiSaKet,   SiSaKet, 0.09, 0.50, 460.60, 26.95, 44.73, 4.95, 27.67, 460.60
2025, 02, 10, 11, Surin,   Surin, 0.09, 0.52, 435.60, 26.95, 44.73, 4.95, 26.72, 435.60
2025, 02, 10, 11, UbonRatchathani,   UbonRatchathani, 0.09, 0.81, 555.90, 26.95, 44.73, 4.95, 4.83, 555.90
2025, 02, 10, 11, UdonThani,   UdonThani, 0.13, 0.49, 654.20, 24.48, 42.21, 13.53, 31.56, 654.20
2025, 02, 10, 11, Yasothon,   Yasothon, 0.09, 0.61, 475.80, 26.95, 44.73, 4.95, 19.46, 475.80
2025, 02, 10, 12, AmnatCharoen,   AmnatCharoen, 0.09, 0.56, 475.80, 26.56, 45.80, 4.92, 24.17, 475.80
2025, 02, 10, 12, BuengKan,   BuengKan, 0.08, 0.64, 672.80, 24.19, 42.64, 13.58, 19.48, 672.80
2025, 02, 10, 12, BuriRam,   BuriRam, 0.09, 0.62, 435.60, 26.56, 45.80, 4.92, 19.43, 435.60
2025, 02, 10, 12, Chaiyaphum,   Chaiyaphum, 0.11, 0.43, 496.10, 26.87, 41.18, 7.70, 33.30, 496.10
2025, 02, 10, 12, Kalasin,   Kalasin, 0.07, 0.53, 471.70, 24.19, 42.64, 13.58, 28.96, 471.70
2025, 02, 10, 12, KhonKaen,   KhonKaen, 0.12, 0.50, 472.70, 24.19, 42.64, 13.58, 32.61, 472.70
2025, 02, 10, 12, Loei,   Loei, 0.10, 0.57, 626.50, 26.30, 35.37, 17.02, 22.16, 626.50
2025, 02, 10, 12, MahaSarakham,   MahaSarakham, 0.10, 0.47, 461.80, 26.56, 45.80, 4.92, 30.74, 461.80
2025, 02, 10, 12, Mukdahan,   Mukdahan, 0.07, 0.59, 549.30, 24.19, 42.64, 13.58, 23.58, 549.30
2025, 02, 10, 12, NakhonPhanom,   NakhonPhanom, 0.08, 0.45, 602.60, 24.19, 42.64, 13.58, 33.82, 602.60
2025, 02, 10, 12, NakhonRatchasima,   NakhonRatchasima, 0.12, 0.47, 625.90, 26.87, 41.18, 7.70, 29.93, 625.90
2025, 02, 10, 12, NongBuaLamphun,   NongBuaLamphun, 0.13, 0.60, 654.20, 26.30, 35.37, 17.02, 20.79, 654.20
2025, 02, 10, 12, NongKhai,   NongKhai, 0.13, 0.55, 654.20, 24.19, 42.64, 13.58, 27.28, 654.20
2025, 02, 10, 12, RoiEt,   RoiEt, 0.11, 0.31, 472.70, 24.19, 42.64, 13.58, 45.96, 472.70
2025, 02, 10, 12, SakonNakhon,   SakonNakhon, 0.08, 0.58, 547.70, 24.19, 42.64, 13.58, 24.54, 547.70
2025, 02, 10, 12, SiSaKet,   SiSaKet, 0.09, 0.50, 460.60, 26.56, 45.80, 4.92, 28.18, 460.60
2025, 02, 10, 12, Surin,   Surin, 0.09, 0.52, 435.60, 26.56, 45.80, 4.92, 27.23, 435.60
2025, 02, 10, 12, UbonRatchathani,   UbonRatchathani, 0.09, 0.81, 555.90, 26.56, 45.80, 4.92, 5.35, 555.90
2025, 02, 10, 12, UdonThani,   UdonThani, 0.13, 0.49, 654.20, 24.19, 42.64, 13.58, 32.03, 654.20
2025, 02, 10, 12, Yasothon,   Yasothon, 0.09, 0.61, 475.80, 26.56, 45.80, 4.92, 19.97, 475.80
2025, 02, 10, 13, AmnatCharoen,   AmnatCharoen, 0.09, 0.56, 475.80, 26.08, 47.27, 4.90, 24.76, 475.80
2025, 02, 10, 13, BuengKan,   BuengKan, 0.08, 0.64, 672.80, 23.78, 43.62, 13.62, 20.04, 672.80
2025, 02, 10, 13, BuriRam,   BuriRam, 0.09, 0.62, 435.60, 26.08, 47.27, 4.90, 20.02, 435.60
2025, 02, 10, 13, Chaiyaphum,   Chaiyaphum, 0.11, 0.43, 496.10, 26.40, 42.07, 7.54, 34.09, 496.10
2025, 02, 10, 13, Kalasin,   Kalasin, 0.07, 0.53, 471.70, 23.78, 43.62, 13.62, 29.52, 471.70
2025, 02, 10, 13, KhonKaen,   KhonKaen, 0.12, 0.50, 472.70, 23.78, 43.62, 13.62, 33.18, 472.70
2025, 02, 10, 13, Loei,   Loei, 0.10, 0.57, 626.50, 26.15, 35.31, 16.99, 22.50, 626.50
2025, 02, 10, 13, MahaSarakham,   MahaSarakham, 0.10, 0.47, 461.80, 26.08, 47.27, 4.90, 31.32, 461.80
2025, 02, 10, 13, Mukdahan,   Mukdahan, 0.07, 0.59, 549.30, 23.78, 43.62, 13.62, 24.14, 549.30
2025, 02, 10, 13, NakhonPhanom,   NakhonPhanom, 0.08, 0.45, 602.60, 23.78, 43.62, 13.62, 34.38, 602.60
2025, 02, 10, 13, NakhonRatchasima,   NakhonRatchasima, 0.12, 0.47, 625.90, 26.40, 42.07, 7.54, 30.72, 625.90
2025, 02, 10, 13, NongBuaLamphun,   NongBuaLamphun, 0.13, 0.60, 654.20, 26.15, 35.31, 16.99, 21.13, 654.20
2025, 02, 10, 13, NongKhai,   NongKhai, 0.13, 0.55, 654.20, 23.78, 43.62, 13.62, 27.84, 654.20
2025, 02, 10, 13, RoiEt,   RoiEt, 0.11, 0.31, 472.70, 23.78, 43.62, 13.62, 46.52, 472.70
2025, 02, 10, 13, SakonNakhon,   SakonNakhon, 0.08, 0.58, 547.70, 23.78, 43.62, 13.62, 25.10, 547.70
2025, 02, 10, 13, SiSaKet,   SiSaKet, 0.09, 0.50, 460.60, 26.08, 47.27, 4.90, 28.77, 460.60
2025, 02, 10, 13, Surin,   Surin, 0.09, 0.52, 435.60, 26.08, 47.27, 4.90, 27.82, 435.60
2025, 02, 10, 13, UbonRatchathani,   UbonRatchathani, 0.09, 0.81, 555.90, 26.08, 47.27, 4.90, 5.93, 555.90
2025, 02, 10, 13, UdonThani,   UdonThani, 0.13, 0.49, 654.20, 23.78, 43.62, 13.62, 32.59, 654.20
2025, 02, 10, 13, Yasothon,   Yasothon, 0.09, 0.61, 475.80, 26.08, 47.27, 4.90, 20.56, 475.80
2025, 02, 10, 14, AmnatCharoen,   AmnatCharoen, 0.09, 0.56, 475.80, 25.53, 49.07, 4.88, 25.40, 475.80
2025, 02, 10, 14, BuengKan,   BuengKan, 0.08, 0.64, 672.80, 23.26, 45.12, 13.67, 20.67, 672.80
2025, 02, 10, 14, BuriRam,   BuriRam, 0.09, 0.62, 435.60, 25.53, 49.07, 4.88, 20.66, 435.60
2025, 02, 10, 14, Chaiyaphum,   Chaiyaphum, 0.11, 0.43, 496.10, 25.87, 43.19, 7.38, 34.91, 496.10
2025, 02, 10, 14, Kalasin,   Kalasin, 0.07, 0.53, 471.70, 23.26, 45.12, 13.67, 30.15, 471.70
2025, 02, 10, 14, KhonKaen,   KhonKaen, 0.12, 0.50, 472.70, 23.26, 45.12, 13.67, 33.81, 472.70
2025, 02, 10, 14, Loei,   Loei, 0.10, 0.57, 626.50, 25.87, 35.70, 16.95, 22.97, 626.50
2025, 02, 10, 14, MahaSarakham,   MahaSarakham, 0.10, 0.47, 461.80, 25.53, 49.07, 4.88, 31.96, 461.80
2025, 02, 10, 14, Mukdahan,   Mukdahan, 0.07, 0.59, 549.30, 23.26, 45.12, 13.67, 24.78, 549.30
2025, 02, 10, 14, NakhonPhanom,   NakhonPhanom, 0.08, 0.45, 602.60, 23.26, 45.12, 13.67, 35.02, 602.60
2025, 02, 10, 14, NakhonRatchasima,   NakhonRatchasima, 0.12, 0.47, 625.90, 25.87, 43.19, 7.38, 31.54, 625.90
2025, 02, 10, 14, NongBuaLamphun,   NongBuaLamphun, 0.13, 0.60, 654.20, 25.87, 35.70, 16.95, 21.60, 654.20
2025, 02, 10, 14, NongKhai,   NongKhai, 0.13, 0.55, 654.20, 23.26, 45.12, 13.67, 28.48, 654.20
2025, 02, 10, 14, RoiEt,   RoiEt, 0.11, 0.31, 472.70, 23.26, 45.12, 13.67, 47.15, 472.70
2025, 02, 10, 14, SakonNakhon,   SakonNakhon, 0.08, 0.58, 547.70, 23.26, 45.12, 13.67, 25.73, 547.70
2025, 02, 10, 14, SiSaKet,   SiSaKet, 0.09, 0.50, 460.60, 25.53, 49.07, 4.88, 29.41, 460.60
2025, 02, 10, 14, Surin,   Surin, 0.09, 0.52, 435.60, 25.53, 49.07, 4.88, 28.46, 435.60
2025, 02, 10, 14, UbonRatchathani,   UbonRatchathani, 0.09, 0.81, 555.90, 25.53, 49.07, 4.88, 6.57, 555.90
2025, 02, 10, 14, UdonThani,   UdonThani, 0.13, 0.49, 654.20, 23.26, 45.12, 13.67, 33.22, 654.20
2025, 02, 10, 14, Yasothon,   Yasothon, 0.09, 0.61, 475.80, 25.53, 49.07, 4.88, 21.19, 475.80
2025, 02, 10, 15, AmnatCharoen,   AmnatCharoen, 0.09, 0.56, 475.80, 24.94, 51.15, 4.86, 26.06, 475.80
2025, 02, 10, 15, BuengKan,   BuengKan, 0.08, 0.64, 672.80, 22.66, 47.11, 13.71, 21.37, 672.80
2025, 02, 10, 15, BuriRam,   BuriRam, 0.09, 0.62, 435.60, 24.94, 51.15, 4.86, 21.32, 435.60
2025, 02, 10, 15, Chaiyaphum,   Chaiyaphum, 0.11, 0.43, 496.10, 25.32, 44.48, 7.22, 35.75, 496.10
2025, 02, 10, 15, Kalasin,   Kalasin, 0.07, 0.53, 471.70, 22.66, 47.11, 13.71, 30.85, 471.70
2025, 02, 10, 15, KhonKaen,   KhonKaen, 0.12, 0.50, 472.70, 22.66, 47.11, 13.71, 34.51, 472.70
2025, 02, 10, 15, Loei,   Loei, 0.10, 0.57, 626.50, 25.48, 36.55, 16.92, 23.55, 626.50
2025, 02, 10, 15, MahaSarakham,   MahaSarakham, 0.10, 0.47, 461.80, 24.94, 51.15, 4.86, 32.62, 461.80
2025, 02, 10, 15, Mukdahan,   Mukdahan, 0.07, 0.59, 549.30, 22.66, 47.11, 13.71, 25.48, 549.30
2025, 02, 10, 15, NakhonPhanom,   NakhonPhanom, 0.08, 0.45, 602.60, 22.66, 47.11, 13.71, 35.72, 602.60
2025, 02, 10, 15, NakhonRatchasima,   NakhonRatchasima, 0.12, 0.47, 625.90, 25.32, 44.48, 7.22, 32.38, 625.90
2025, 02, 10, 15, NongBuaLamphun,   NongBuaLamphun, 0.13, 0.60, 654.20, 25.48, 36.55, 16.92, 22.18, 654.20
2025, 02, 10, 15, NongKhai,   NongKhai, 0.13, 0.55, 654.20, 22.66, 47.11, 13.71, 29.17, 654.20
2025, 02, 10, 15, RoiEt,   RoiEt, 0.11, 0.31, 472.70, 22.66, 47.11, 13.71, 47.85, 472.70
2025, 02, 10, 15, SakonNakhon,   SakonNakhon, 0.08, 0.58, 547.70, 22.66, 47.11, 13.71, 26.43, 547.70
2025, 02, 10, 15, SiSaKet,   SiSaKet, 0.09, 0.50, 460.60, 24.94, 51.15, 4.86, 30.07, 460.60
2025, 02, 10, 15, Surin,   Surin, 0.09, 0.52, 435.60, 24.94, 51.15, 4.86, 29.12, 435.60
2025, 02, 10, 15, UbonRatchathani,   UbonRatchathani, 0.09, 0.81, 555.90, 24.94, 51.15, 4.86, 7.23, 555.90
2025, 02, 10, 15, UdonThani,   UdonThani, 0.13, 0.49, 654.20, 22.66, 47.11, 13.71, 33.92, 654.20
2025, 02, 10, 15, Yasothon,   Yasothon, 0.09, 0.61, 475.80, 24.94, 51.15, 4.86, 21.86, 475.80
2025, 02, 10, 16, AmnatCharoen,   AmnatCharoen, 0.09, 0.56, 475.80, 24.32, 53.42, 4.95, 26.69, 475.80
2025, 02, 10, 16, BuengKan,   BuengKan, 0.08, 0.64, 672.80, 21.97, 49.57, 13.77, 22.09, 672.80
2025, 02, 10, 16, BuriRam,   BuriRam, 0.09, 0.62, 435.60, 24.32, 53.42, 4.95, 21.94, 435.60
2025, 02, 10, 16, Chaiyaphum,   Chaiyaphum, 0.11, 0.43, 496.10, 24.76, 45.85, 7.13, 36.55, 496.10
2025, 02, 10, 16, Kalasin,   Kalasin, 0.07, 0.53, 471.70, 21.97, 49.57, 13.77, 31.57, 471.70
2025, 02, 10, 16, KhonKaen,   KhonKaen, 0.12, 0.50, 472.70, 21.97, 49.57, 13.77, 35.23, 472.70
2025, 02, 10, 16, Loei,   Loei, 0.10, 0.57, 626.50, 24.98, 37.86, 16.76, 24.28, 626.50
2025, 02, 10, 16, MahaSarakham,   MahaSarakham, 0.10, 0.47, 461.80, 24.32, 53.42, 4.95, 33.25, 461.80
2025, 02, 10, 16, Mukdahan,   Mukdahan, 0.07, 0.59, 549.30, 21.97, 49.57, 13.77, 26.20, 549.30
2025, 02, 10, 16, NakhonPhanom,   NakhonPhanom, 0.08, 0.45, 602.60, 21.97, 49.57, 13.77, 36.44, 602.60
2025, 02, 10, 16, NakhonRatchasima,   NakhonRatchasima, 0.12, 0.47, 625.90, 24.76, 45.85, 7.13, 33.18, 625.90
2025, 02, 10, 16, NongBuaLamphun,   NongBuaLamphun, 0.13, 0.60, 654.20, 24.98, 37.86, 16.76, 22.90, 654.20
2025, 02, 10, 16, NongKhai,   NongKhai, 0.13, 0.55, 654.20, 21.97, 49.57, 13.77, 29.89, 654.20
2025, 02, 10, 16, RoiEt,   RoiEt, 0.11, 0.31, 472.70, 21.97, 49.57, 13.77, 48.57, 472.70
2025, 02, 10, 16, SakonNakhon,   SakonNakhon, 0.08, 0.58, 547.70, 21.97, 49.57, 13.77, 27.15, 547.70
2025, 02, 10, 16, SiSaKet,   SiSaKet, 0.09, 0.50, 460.60, 24.32, 53.42, 4.95, 30.70, 460.60
2025, 02, 10, 16, Surin,   Surin, 0.09, 0.52, 435.60, 24.32, 53.42, 4.95, 29.75, 435.60
2025, 02, 10, 16, UbonRatchathani,   UbonRatchathani, 0.09, 0.81, 555.90, 24.32, 53.42, 4.95, 7.86, 555.90
2025, 02, 10, 16, UdonThani,   UdonThani, 0.13, 0.49, 654.20, 21.97, 49.57, 13.77, 34.64, 654.20
2025, 02, 10, 16, Yasothon,   Yasothon, 0.09, 0.61, 475.80, 24.32, 53.42, 4.95, 22.48, 475.80
2025, 02, 10, 17, AmnatCharoen,   AmnatCharoen, 0.09, 0.56, 475.80, 23.69, 55.81, 5.12, 27.27, 475.80
2025, 02, 10, 17, BuengKan,   BuengKan, 0.08, 0.64, 672.80, 21.21, 52.46, 13.83, 22.83, 672.80
2025, 02, 10, 17, BuriRam,   BuriRam, 0.09, 0.62, 435.60, 23.69, 55.81, 5.12, 22.52, 435.60
2025, 02, 10, 17, Chaiyaphum,   Chaiyaphum, 0.11, 0.43, 496.10, 24.23, 47.22, 7.09, 37.28, 496.10
2025, 02, 10, 17, Kalasin,   Kalasin, 0.07, 0.53, 471.70, 21.21, 52.46, 13.83, 32.31, 471.70
2025, 02, 10, 17, KhonKaen,   KhonKaen, 0.12, 0.50, 472.70, 21.21, 52.46, 13.83, 35.97, 472.70
2025, 02, 10, 17, Loei,   Loei, 0.10, 0.57, 626.50, 24.37, 39.62, 16.52, 25.12, 626.50
2025, 02, 10, 17, MahaSarakham,   MahaSarakham, 0.10, 0.47, 461.80, 23.69, 55.81, 5.12, 33.83, 461.80
2025, 02, 10, 17, Mukdahan,   Mukdahan, 0.07, 0.59, 549.30, 21.21, 52.46, 13.83, 26.94, 549.30
2025, 02, 10, 17, NakhonPhanom,   NakhonPhanom, 0.08, 0.45, 602.60, 21.21, 52.46, 13.83, 37.18, 602.60
2025, 02, 10, 17, NakhonRatchasima,   NakhonRatchasima, 0.12, 0.47, 625.90, 24.23, 47.22, 7.09, 33.91, 625.90
2025, 02, 10, 17, NongBuaLamphun,   NongBuaLamphun, 0.13, 0.60, 654.20, 24.37, 39.62, 16.52, 23.75, 654.20
2025, 02, 10, 17, NongKhai,   NongKhai, 0.13, 0.55, 654.20, 21.21, 52.46, 13.83, 30.63, 654.20
2025, 02, 10, 17, RoiEt,   RoiEt, 0.11, 0.31, 472.70, 21.21, 52.46, 13.83, 49.31, 472.70
2025, 02, 10, 17, SakonNakhon,   SakonNakhon, 0.08, 0.58, 547.70, 21.21, 52.46, 13.83, 27.89, 547.70
2025, 02, 10, 17, SiSaKet,   SiSaKet, 0.09, 0.50, 460.60, 23.69, 55.81, 5.12, 31.27, 460.60
2025, 02, 10, 17, Surin,   Surin, 0.09, 0.52, 435.60, 23.69, 55.81, 5.12, 30.33, 435.60
2025, 02, 10, 17, UbonRatchathani,   UbonRatchathani, 0.09, 0.81, 555.90, 23.69, 55.81, 5.12, 8.44, 555.90
2025, 02, 10, 17, UdonThani,   UdonThani, 0.13, 0.49, 654.20, 21.21, 52.46, 13.83, 35.38, 654.20
2025, 02, 10, 17, Yasothon,   Yasothon, 0.09, 0.61, 475.80, 23.69, 55.81, 5.12, 23.06, 475.80
2025, 02, 10, 18, AmnatCharoen,   AmnatCharoen, 0.09, 0.56, 475.80, 23.09, 58.26, 5.29, 27.79, 475.80
2025, 02, 10, 18, BuengKan,   BuengKan, 0.08, 0.64, 672.80, 20.41, 55.77, 13.90, 23.56, 672.80
2025, 02, 10, 18, BuriRam,   BuriRam, 0.09, 0.62, 435.60, 23.09, 58.26, 5.29, 23.04, 435.60
2025, 02, 10, 18, Chaiyaphum,   Chaiyaphum, 0.11, 0.43, 496.10, 23.74, 48.51, 7.05, 37.93, 496.10
2025, 02, 10, 18, Kalasin,   Kalasin, 0.07, 0.53, 471.70, 20.41, 55.77, 13.90, 33.04, 471.70
2025, 02, 10, 18, KhonKaen,   KhonKaen, 0.12, 0.50, 472.70, 20.41, 55.77, 13.90, 36.70, 472.70
2025, 02, 10, 18, Loei,   Loei, 0.10, 0.57, 626.50, 23.66, 41.84, 16.28, 26.04, 626.50
2025, 02, 10, 18, MahaSarakham,   MahaSarakham, 0.10, 0.47, 461.80, 23.09, 58.26, 5.29, 34.35, 461.80
2025, 02, 10, 18, Mukdahan,   Mukdahan, 0.07, 0.59, 549.30, 20.41, 55.77, 13.90, 27.67, 549.30
2025, 02, 10, 18, NakhonPhanom,   NakhonPhanom, 0.08, 0.45, 602.60, 20.41, 55.77, 13.90, 37.91, 602.60
2025, 02, 10, 18, NakhonRatchasima,   NakhonRatchasima, 0.12, 0.47, 625.90, 23.74, 48.51, 7.05, 34.56, 625.90
2025, 02, 10, 18, NongBuaLamphun,   NongBuaLamphun, 0.13, 0.60, 654.20, 23.66, 41.84, 16.28, 24.67, 654.20
2025, 02, 10, 18, NongKhai,   NongKhai, 0.13, 0.55, 654.20, 20.41, 55.77, 13.90, 31.36, 654.20
2025, 02, 10, 18, RoiEt,   RoiEt, 0.11, 0.31, 472.70, 20.41, 55.77, 13.90, 50.04, 472.70
2025, 02, 10, 18, SakonNakhon,   SakonNakhon, 0.08, 0.58, 547.70, 20.41, 55.77, 13.90, 28.62, 547.70
2025, 02, 10, 18, SiSaKet,   SiSaKet, 0.09, 0.50, 460.60, 23.09, 58.26, 5.29, 31.80, 460.60
2025, 02, 10, 18, Surin,   Surin, 0.09, 0.52, 435.60, 23.09, 58.26, 5.29, 30.85, 435.60
2025, 02, 10, 18, UbonRatchathani,   UbonRatchathani, 0.09, 0.81, 555.90, 23.09, 58.26, 5.29, 8.96, 555.90
2025, 02, 10, 18, UdonThani,   UdonThani, 0.13, 0.49, 654.20, 20.41, 55.77, 13.90, 36.11, 654.20
2025, 02, 10, 18, Yasothon,   Yasothon, 0.09, 0.61, 475.80, 23.09, 58.26, 5.29, 23.58, 475.80
2025, 02, 10, 19, AmnatCharoen,   AmnatCharoen, 0.09, 0.56, 475.80, 22.52, 60.70, 5.46, 28.23, 475.80
2025, 02, 10, 19, BuengKan,   BuengKan, 0.08, 0.64, 672.80, 19.56, 59.47, 13.97, 24.26, 672.80
2025, 02, 10, 19, BuriRam,   BuriRam, 0.09, 0.62, 435.60, 22.52, 60.70, 5.46, 23.49, 435.60
2025, 02, 10, 19, Chaiyaphum,   Chaiyaphum, 0.11, 0.43, 496.10, 23.34, 49.64, 7.00, 38.47, 496.10
2025, 02, 10, 19, Kalasin,   Kalasin, 0.07, 0.53, 471.70, 19.56, 59.47, 13.97, 33.75, 471.70
2025, 02, 10, 19, KhonKaen,   KhonKaen, 0.12, 0.50, 472.70, 19.56, 59.47, 13.97, 37.40, 472.70
2025, 02, 10, 19, Loei,   Loei, 0.10, 0.57, 626.50, 22.85, 44.51, 16.05, 27.04, 626.50
2025, 02, 10, 19, MahaSarakham,   MahaSarakham, 0.10, 0.47, 461.80, 22.52, 60.70, 5.46, 34.79, 461.80
2025, 02, 10, 19, Mukdahan,   Mukdahan, 0.07, 0.59, 549.30, 19.56, 59.47, 13.97, 28.37, 549.30
2025, 02, 10, 19, NakhonPhanom,   NakhonPhanom, 0.08, 0.45, 602.60, 19.56, 59.47, 13.97, 38.61, 602.60
2025, 02, 10, 19, NakhonRatchasima,   NakhonRatchasima, 0.12, 0.47, 625.90, 23.34, 49.64, 7.00, 35.10, 625.90
2025, 02, 10, 19, NongBuaLamphun,   NongBuaLamphun, 0.13, 0.60, 654.20, 22.85, 44.51, 16.05, 25.66, 654.20
2025, 02, 10, 19, NongKhai,   NongKhai, 0.13, 0.55, 654.20, 19.56, 59.47, 13.97, 32.07, 654.20
2025, 02, 10, 19, RoiEt,   RoiEt, 0.11, 0.31, 472.70, 19.56, 59.47, 13.97, 50.74, 472.70
2025, 02, 10, 19, SakonNakhon,   SakonNakhon, 0.08, 0.58, 547.70, 19.56, 59.47, 13.97, 29.33, 547.70
2025, 02, 10, 19, SiSaKet,   SiSaKet, 0.09, 0.50, 460.60, 22.52, 60.70, 5.46, 32.24, 460.60
2025, 02, 10, 19, Surin,   Surin, 0.09, 0.52, 435.60, 22.52, 60.70, 5.46, 31.29, 435.60
2025, 02, 10, 19, UbonRatchathani,   UbonRatchathani, 0.09, 0.81, 555.90, 22.52, 60.70, 5.46, 9.40, 555.90
2025, 02, 10, 19, UdonThani,   UdonThani, 0.13, 0.49, 654.20, 19.56, 59.47, 13.97, 36.82, 654.20
2025, 02, 10, 19, Yasothon,   Yasothon, 0.09, 0.61, 475.80, 22.52, 60.70, 5.46, 24.03, 475.80
2025, 02, 10, 20, AmnatCharoen,   AmnatCharoen, 0.09, 0.56, 475.80, 22.02, 63.05, 5.64, 28.57, 475.80
2025, 02, 10, 20, BuengKan,   BuengKan, 0.08, 0.64, 672.80, 18.69, 63.53, 14.03, 24.92, 672.80
2025, 02, 10, 20, BuriRam,   BuriRam, 0.09, 0.62, 435.60, 22.02, 63.05, 5.64, 23.83, 435.60
2025, 02, 10, 20, Chaiyaphum,   Chaiyaphum, 0.11, 0.43, 496.10, 23.03, 50.54, 6.96, 38.86, 496.10
2025, 02, 10, 20, Kalasin,   Kalasin, 0.07, 0.53, 471.70, 18.69, 63.53, 14.03, 34.40, 471.70
2025, 02, 10, 20, KhonKaen,   KhonKaen, 0.12, 0.50, 472.70, 18.69, 63.53, 14.03, 38.06, 472.70
2025, 02, 10, 20, Loei,   Loei, 0.10, 0.57, 626.50, 21.95, 47.62, 15.81, 28.09, 626.50
2025, 02, 10, 20, MahaSarakham,   MahaSarakham, 0.10, 0.47, 461.80, 22.02, 63.05, 5.64, 35.13, 461.80
2025, 02, 10, 20, Mukdahan,   Mukdahan, 0.07, 0.59, 549.30, 18.69, 63.53, 14.03, 29.03, 549.30
2025, 02, 10, 20, NakhonPhanom,   NakhonPhanom, 0.08, 0.45, 602.60, 18.69, 63.53, 14.03, 39.27, 602.60
2025, 02, 10, 20, NakhonRatchasima,   NakhonRatchasima, 0.12, 0.47, 625.90, 23.03, 50.54, 6.96, 35.49, 625.90
2025, 02, 10, 20, NongBuaLamphun,   NongBuaLamphun, 0.13, 0.60, 654.20, 21.95, 47.62, 15.81, 26.72, 654.20
2025, 02, 10, 20, NongKhai,   NongKhai, 0.13, 0.55, 654.20, 18.69, 63.53, 14.03, 32.72, 654.20
2025, 02, 10, 20, RoiEt,   RoiEt, 0.11, 0.31, 472.70, 18.69, 63.53, 14.03, 51.40, 472.70
2025, 02, 10, 20, SakonNakhon,   SakonNakhon, 0.08, 0.58, 547.70, 18.69, 63.53, 14.03, 29.98, 547.70
2025, 02, 10, 20, SiSaKet,   SiSaKet, 0.09, 0.50, 460.60, 22.02, 63.05, 5.64, 32.58, 460.60
2025, 02, 10, 20, Surin,   Surin, 0.09, 0.52, 435.60, 22.02, 63.05, 5.64, 31.63, 435.60
2025, 02, 10, 20, UbonRatchathani,   UbonRatchathani, 0.09, 0.81, 555.90, 22.02, 63.05, 5.64, 9.74, 555.90
2025, 02, 10, 20, UdonThani,   UdonThani, 0.13, 0.49, 654.20, 18.69, 63.53, 14.03, 37.47, 654.20
2025, 02, 10, 20, Yasothon,   Yasothon, 0.09, 0.61, 475.80, 22.02, 63.05, 5.64, 24.36, 475.80
2025, 02, 10, 21, AmnatCharoen,   AmnatCharoen, 0.09, 0.56, 475.80, 21.60, 65.24, 5.81, 28.78, 475.80
2025, 02, 10, 21, BuengKan,   BuengKan, 0.08, 0.64, 672.80, 17.81, 67.92, 14.10, 25.51, 672.80
2025, 02, 10, 21, BuriRam,   BuriRam, 0.09, 0.62, 435.60, 21.60, 65.24, 5.81, 24.03, 435.60
2025, 02, 10, 21, Chaiyaphum,   Chaiyaphum, 0.11, 0.43, 496.10, 22.85, 51.13, 6.91, 39.08, 496.10
2025, 02, 10, 21, Kalasin,   Kalasin, 0.07, 0.53, 471.70, 17.81, 67.92, 14.10, 34.99, 471.70
2025, 02, 10, 21, KhonKaen,   KhonKaen, 0.12, 0.50, 472.70, 17.81, 67.92, 14.10, 38.65, 472.70
2025, 02, 10, 21, Loei,   Loei, 0.10, 0.57, 626.50, 20.97, 51.19, 15.57, 29.19, 626.50
2025, 02, 10, 21, MahaSarakham,   MahaSarakham, 0.10, 0.47, 461.80, 21.60, 65.24, 5.81, 35.34, 461.80
2025, 02, 10, 21, Mukdahan,   Mukdahan, 0.07, 0.59, 549.30, 17.81, 67.92, 14.10, 29.61, 549.30
2025, 02, 10, 21, NakhonPhanom,   NakhonPhanom, 0.08, 0.45, 602.60, 17.81, 67.92, 14.10, 39.85, 602.60
2025, 02, 10, 21, NakhonRatchasima,   NakhonRatchasima, 0.12, 0.47, 625.90, 22.85, 51.13, 6.91, 35.71, 625.90
2025, 02, 10, 21, NongBuaLamphun,   NongBuaLamphun, 0.13, 0.60, 654.20, 20.97, 51.19, 15.57, 27.82, 654.20
2025, 02, 10, 21, NongKhai,   NongKhai, 0.13, 0.55, 654.20, 17.81, 67.92, 14.10, 33.31, 654.20
2025, 02, 10, 21, RoiEt,   RoiEt, 0.11, 0.31, 472.70, 17.81, 67.92, 14.10, 51.99, 472.70
2025, 02, 10, 21, SakonNakhon,   SakonNakhon, 0.08, 0.58, 547.70, 17.81, 67.92, 14.10, 30.57, 547.70
2025, 02, 10, 21, SiSaKet,   SiSaKet, 0.09, 0.50, 460.60, 21.60, 65.24, 5.81, 32.78, 460.60
2025, 02, 10, 21, Surin,   Surin, 0.09, 0.52, 435.60, 21.60, 65.24, 5.81, 31.84, 435.60
2025, 02, 10, 21, UbonRatchathani,   UbonRatchathani, 0.09, 0.81, 555.90, 21.60, 65.24, 5.81, 9.95, 555.90
2025, 02, 10, 21, UdonThani,   UdonThani, 0.13, 0.49, 654.20, 17.81, 67.92, 14.10, 38.06, 654.20
2025, 02, 10, 21, Yasothon,   Yasothon, 0.09, 0.61, 475.80, 21.60, 65.24, 5.81, 24.57, 475.80
2025, 02, 10, 22, AmnatCharoen,   AmnatCharoen, 0.09, 0.56, 475.80, 21.29, 67.21, 5.98, 28.82, 475.80
2025, 02, 10, 22, BuengKan,   BuengKan, 0.08, 0.64, 672.80, 16.93, 72.62, 14.17, 26.00, 672.80
2025, 02, 10, 22, BuriRam,   BuriRam, 0.09, 0.62, 435.60, 21.29, 67.21, 5.98, 24.08, 435.60
2025, 02, 10, 22, Chaiyaphum,   Chaiyaphum, 0.11, 0.43, 496.10, 22.83, 51.32, 6.87, 39.10, 496.10
2025, 02, 10, 22, Kalasin,   Kalasin, 0.07, 0.53, 471.70, 16.93, 72.62, 14.17, 35.48, 471.70
2025, 02, 10, 22, KhonKaen,   KhonKaen, 0.12, 0.50, 472.70, 16.93, 72.62, 14.17, 39.14, 472.70
2025, 02, 10, 22, Loei,   Loei, 0.10, 0.57, 626.50, 19.92, 55.19, 15.33, 30.34, 626.50
2025, 02, 10, 22, MahaSarakham,   MahaSarakham, 0.10, 0.47, 461.80, 21.29, 67.21, 5.98, 35.39, 461.80
2025, 02, 10, 22, Mukdahan,   Mukdahan, 0.07, 0.59, 549.30, 16.93, 72.62, 14.17, 30.11, 549.30
2025, 02, 10, 22, NakhonPhanom,   NakhonPhanom, 0.08, 0.45, 602.60, 16.93, 72.62, 14.17, 40.35, 602.60
2025, 02, 10, 22, NakhonRatchasima,   NakhonRatchasima, 0.12, 0.47, 625.90, 22.83, 51.32, 6.87, 35.72, 625.90
2025, 02, 10, 22, NongBuaLamphun,   NongBuaLamphun, 0.13, 0.60, 654.20, 19.92, 55.19, 15.33, 28.97, 654.20
2025, 02, 10, 22, NongKhai,   NongKhai, 0.13, 0.55, 654.20, 16.93, 72.62, 14.17, 33.81, 654.20
2025, 02, 10, 22, RoiEt,   RoiEt, 0.11, 0.31, 472.70, 16.93, 72.62, 14.17, 52.48, 472.70
2025, 02, 10, 22, SakonNakhon,   SakonNakhon, 0.08, 0.58, 547.70, 16.93, 72.62, 14.17, 31.06, 547.70
2025, 02, 10, 22, SiSaKet,   SiSaKet, 0.09, 0.50, 460.60, 21.29, 67.21, 5.98, 32.83, 460.60
2025, 02, 10, 22, Surin,   Surin, 0.09, 0.52, 435.60, 21.29, 67.21, 5.98, 31.88, 435.60
2025, 02, 10, 22, UbonRatchathani,   UbonRatchathani, 0.09, 0.81, 555.90, 21.29, 67.21, 5.98, 10.00, 555.90
2025, 02, 10, 22, UdonThani,   UdonThani, 0.13, 0.49, 654.20, 16.93, 72.62, 14.17, 38.55, 654.20
2025, 02, 10, 22, Yasothon,   Yasothon, 0.09, 0.61, 475.80, 21.29, 67.21, 5.98, 24.62, 475.80
2025, 02, 10, 23, AmnatCharoen,   AmnatCharoen, 0.09, 0.56, 475.80, 21.11, 68.89, 6.15, 28.69, 475.80
2025, 02, 10, 23, BuengKan,   BuengKan, 0.08, 0.64, 672.80, 16.07, 77.61, 14.23, 26.39, 672.80
2025, 02, 10, 23, BuriRam,   BuriRam, 0.09, 0.62, 435.60, 21.11, 68.89, 6.15, 23.95, 435.60
2025, 02, 10, 23, Chaiyaphum,   Chaiyaphum, 0.11, 0.43, 496.10, 22.98, 51.04, 6.83, 38.87, 496.10
2025, 02, 10, 23, Kalasin,   Kalasin, 0.07, 0.53, 471.70, 16.07, 77.61, 14.23, 35.87, 471.70
2025, 02, 10, 23, KhonKaen,   KhonKaen, 0.12, 0.50, 472.70, 16.07, 77.61, 14.23, 39.53, 472.70
2025, 02, 10, 23, Loei,   Loei, 0.10, 0.57, 626.50, 18.79, 59.64, 15.10, 31.50, 626.50
2025, 02, 10, 23, MahaSarakham,   MahaSarakham, 0.10, 0.47, 461.80, 21.11, 68.89, 6.15, 35.25, 461.80
2025, 02, 10, 23, Mukdahan,   Mukdahan, 0.07, 0.59, 549.30, 16.07, 77.61, 14.23, 30.50, 549.30
2025, 02, 10, 23, NakhonPhanom,   NakhonPhanom, 0.08, 0.45, 602.60, 16.07, 77.61, 14.23, 40.74, 602.60
2025, 02, 10, 23, NakhonRatchasima,   NakhonRatchasima, 0.12, 0.47, 625.90, 22.98, 51.04, 6.83, 35.50, 625.90
2025, 02, 10, 23, NongBuaLamphun,   NongBuaLamphun, 0.13, 0.60, 654.20, 18.79, 59.64, 15.10, 30.13, 654.20
2025, 02, 10, 23, NongKhai,   NongKhai, 0.13, 0.55, 654.20, 16.07, 77.61, 14.23, 34.19, 654.20
2025, 02, 10, 23, RoiEt,   RoiEt, 0.11, 0.31, 472.70, 16.07, 77.61, 14.23, 52.87, 472.70
2025, 02, 10, 23, SakonNakhon,   SakonNakhon, 0.08, 0.58, 547.70, 16.07, 77.61, 14.23, 31.45, 547.70
2025, 02, 10, 23, SiSaKet,   SiSaKet, 0.09, 0.50, 460.60, 21.11, 68.89, 6.15, 32.70, 460.60
2025, 02, 10, 23, Surin,   Surin, 0.09, 0.52, 435.60, 21.11, 68.89, 6.15, 31.75, 435.60
2025, 02, 10, 23, UbonRatchathani,   UbonRatchathani, 0.09, 0.81, 555.90, 21.11, 68.89, 6.15, 9.86, 555.90
2025, 02, 10, 23, UdonThani,   UdonThani, 0.13, 0.49, 654.20, 16.07, 77.61, 14.23, 38.94, 654.20
2025, 02, 10, 23, Yasothon,   Yasothon, 0.09, 0.61, 475.80, 21.11, 68.89, 6.15, 24.48, 475.80
